Name,sat_score,Number of Exams with scores 3 4 or 5,AVERAGE CLASS SIZE,total_enrollment,ell_percent,asian_per,black_per,white_per,hispanic_per,male_per,female_per,school_dist,saf_s_11
HENRY STREET SCHOOL FOR INTERNATIONAL STUDIES   ,1122,153.45,22.56428571,422,22.3,14,29.1,1.7,53.8,61.4,38.6,1,6
UNIVERSITY NEIGHBORHOOD HIGH SCHOOL             ,1172,10,22.23125,394,21.1,29.2,22.6,2.3,45.9,57.4,42.6,1,6
EAST SIDE COMMUNITY HIGH SCHOOL                 ,1149,153.45,21.2,598,5,9.7,23.9,10.4,55.4,54.7,45.3,1,6.611666667
MARTA VALLE SECONDARY SCHOOL                    ,1207,153.45,23.57142857,367,11.2,9.3,31.6,1.6,56.9,46.3,53.7,1,6.4
NEW EXPLORATIONS INTO SCIENCE TECH AND MATH     ,1621,191,25.51052632,1613,0.2,27.8,11.7,44.9,14.2,49.2,50.8,1,7.3
BARD HIGH SCHOOL EARLY COLLEGE                  ,1856,153.45,20.975,617,0.2,15.1,15.1,49.8,18.2,31.3,68.7,1,8.3
47 THE AMERICAN SIGN LANGUAGE AND ENGLISH DUAL L,1182,153.45,16.07272727,174,8,1.7,32.2,6.3,59.2,42.5,57.5,2,7.3
FOOD AND FINANCE HIGH SCHOOL                    ,1194,153.45,22.68333333,433,2.1,3,44.1,4.8,47.6,45,55,2,6.2
HIGH SCHOOL FOR HISTORY & COMMUNICATION         ,1156,153.45,14.9,343,3.8,4.1,27.7,7.6,60.6,53.4,46.6,2,7.4
HIGH SCHOOL OF HOSPITALITY MANAGEMENT           ,1111,153.45,22.96428571,419,9.5,5.3,26.5,2.1,66.1,32.2,67.8,2,7.1
PACE HIGH SCHOOL                                ,1293,153.45,21.3125,414,2.2,10.1,32.4,3.9,42,43.7,56.3,2,6.6
URBAN ASSEMBLY SCHOOL OF DESIGN AND CONSTRUCTION,1269,10,22.64166667,431,10.9,6,29.2,4.9,59.2,74.9,25.1,2,6.5
THE FACING HISTORY SCHOOL                       ,1051,153.45,21.85,451,20.8,0.7,23.5,2.4,73.2,50.6,49.4,2,7
THE URBAN ASSEMBLY ACADEMY OF GOVERNMENT AND LAW,1148,15,20.8,312,6.1,3.8,41.7,3.5,50.6,43.9,56.1,2,6
LOWER MANHATTAN ARTS ACADEMY                    ,1200,153.45,23.25,336,3.9,9.5,30.7,3.6,55.7,39.9,60.1,2,6.6
THE URBAN ASSEMBLY SCHOOL OF BUSINESS FOR YOUNG ,1127,153.45,26.31666667,378,2.6,3.4,46.8,1.3,48.4,0,100,2,6.8
GRAMERCY ARTS HIGH SCHOOL                       ,1176,153.45,27.20714286,495,3,2.8,45.3,6.7,45.1,26.3,73.7,2,6.1
NYCISCHOOL                                      ,1435,153.45,37.02307692,433,0.5,11.5,20.6,24,43,48.7,51.3,2,7.8
MANHATTAN BUSINESS ACADEMY                      ,1223.438806,153.45,25.25714286,332,9.9,6.6,29.5,4.8,58.7,59,41,2,6.9
THE BUSINESS OF SPORTS SCHOOL                   ,1223.438806,153.45,22.12857143,304,7.6,1.6,35.5,4.3,57.2,72.4,27.6,2,6.2
THE HIGH SCHOOL FOR LANGUAGE AND DIPLOMACY      ,1223.438806,153.45,17.85454545,244,28.3,44.3,15.6,5.3,32.8,48,52,2,6.6
HIGH SCHOOL FOR ENVIRONMENTAL STUDIES           ,1419,152,30.58,1394,7.1,16.7,14.8,11.1,57.2,50.4,49.6,2,7.1
PROFESSIONAL PERFORMING ARTS HIGH SCHOOL        ,1522,15,28.95294118,502,2,7,19.1,41.8,23.7,25.3,74.7,2,7.1
BARUCH COLLEGE CAMPUS HIGH SCHOOL               ,1577,88,26.57333333,432,1.6,60.6,5.8,18.8,14.6,44,56,2,7.8
NYC LAB SCHOOL FOR COLLABORATIVE STUDIES        ,1677,97,32.56666667,579,1.6,29.4,8.5,45.9,14,47,53,2,7.5
NYC MUSEUM SCHOOL                               ,1419,153.45,27.74375,436,0.5,33,11.7,15.4,39.9,42.4,57.6,2,7.1
ELEANOR ROOSEVELT HIGH SCHOOL                   ,1758,169,27.43333333,507,0.2,17.2,5.5,63.7,11.6,32.5,67.5,2,8.1
MILLENNIUM HIGH SCHOOL                          ,1614,67,29.21176471,626,0.2,30,8.8,35.9,21.7,38.2,61.8,2,7.5
LANDMARK HIGH SCHOOL                            ,1170,153.45,23.22857143,421,15.7,5.2,18.1,1.9,74.8,48.5,51.5,2,6.7
HIGH SCHOOL FOR HEALTH PROFESSIONS AND HUMAN SER,1306,75,32.1875,1768,4,20.5,24.4,5.3,49.7,29.4,70.6,2,6.5
LEADERSHIP AND PUBLIC SERVICE HIGH SCHOOL       ,1233,32,27.97333333,607,5.4,8.1,30.5,6.6,54.2,46.1,53.9,2,6.1
MANHATTAN ACADEMY FOR ARTS & LANGUAGE           ,1223.438806,153.45,23.02,175,86.9,6.3,8,1.1,84.6,54.9,45.1,2,7.7
HUDSON HIGH SCHOOL OF LEARNING TECHNOLOGIES     ,1223.438806,153.45,28,226,8.8,5.8,23.5,6.6,62.4,60.6,39.4,2,7
INTERNATIONAL HIGH SCHOOL AT UNION SQUARE       ,1223.438806,153.45,24.5,176,94.9,40.3,12.5,3.4,43.2,61.4,38.6,2,7.5
MANHATTAN VILLAGE ACADEMY                       ,1372,29,21.35625,429,3.7,6.3,16.8,4.9,71.8,38.5,61.5,2,7.6
VANGUARD HIGH SCHOOL                            ,1199,153.45,19.21666667,444,6.1,9.9,25.7,4.5,59,46.2,53.8,2,7
MANHATTAN INTERNATIONAL HIGH SCHOOL             ,1227,6,20.31176471,325,77.5,33.5,14.8,14.5,36.9,44.3,55.7,2,7.8
STUYVESANT HIGH SCHOOL                          ,2096,2648,31.11578947,3297,0,72.1,1.2,23.7,2.4,59.3,40.7,2,7.5
HIGH SCHOOL OF ECONOMICS AND FINANCE            ,1374,78,27.33333333,809,6.3,24.8,22.5,8.8,43.5,54.5,45.5,2,6.6
UNITY CENTER FOR URBAN TECHNOLOGIES             ,1070,153.45,25.04285714,237,15.6,3.8,35,2.5,55.3,62.4,37.6,2,7.9
TALENT UNLIMITED HIGH SCHOOL                    ,1416,21,25.85,491,0.2,4.5,36,19.8,39.3,21.4,78.6,2,7
MURRY BERGTRAUM HIGH SCHOOL FOR BUSINESS CAREERS,1240,76,26.97058824,2073,10.2,10.5,39.9,2.3,46.6,49.1,50.9,2,5.7
JACQUELINE KENNEDY ONASSIS HIGH SCHOOL          ,1239,29,26.05,724,9.8,5.1,22.7,1.8,69.9,40.6,59.4,2,7.1
REPERTORY COMPANY HIGH SCHOOL FOR THEATRE ARTS  ,1253,153.45,23.9,217,0.5,1.4,47.9,7.4,42.4,21.2,78.8,2,5.9
MANHATTAN BRIDGES HIGH SCHOOL                   ,1058,59,23.475,541,72.6,0.2,0,0,99.8,51.4,48.6,2,7.2
NEW DESIGN HIGH SCHOOL                          ,1168,153.45,22.63846154,423,5.4,3.8,30.3,2.6,62.2,38.3,61.7,2,7
HIGH SCHOOL FOR DUAL LANGUAGE & ASIAN STUDIES   ,1424,89,21.81764706,353,38.2,89.5,3.4,2.3,4,51.3,48.7,2,6.611666667
NEW YORK HARBOR SCHOOL                          ,1212,153.45,24.01333333,430,4.2,2.3,37.4,10.2,49.3,60.9,39.1,2,6.8
RICHARD R. GREEN HIGH SCHOOL OF TEACHING        ,1195,40,26.08823529,610,6.4,2.3,35.1,2.3,59.3,32.6,67.4,2,6.6
THE HIGH SCHOOL OF FASHION INDUSTRIES           ,1257,26,30.60833333,1599,2.8,3.8,39.1,4.1,52.3,7.3,92.7,2,6.5
HUMANITIES PREPARATORY ACADEMY                  ,1255,153.45,23.8,192,1,7.3,21.9,11.5,57.8,42.7,57.3,2,7
CHELSEA CAREER AND TECHNICAL EDUCATION HIGH SCHO,1207,13,25.2,466,6.2,7.1,29.6,1.5,60.5,65,35,2,6.5
ART AND DESIGN HIGH SCHOOL                      ,1315,33,28.8875,1344,1.6,9,26.8,12.6,51,46.7,53.3,2,6.7
LIFE SCIENCES SECONDARY SCHOOL                  ,1236,10,23.92105263,717,7.9,3.3,28.6,2.4,64.3,51.6,48.4,2,5.9
HIGH SCHOOL FOR ARTS IMAGINATION AND INQUIRY    ,1132,153.45,24.1375,418,14.4,1,37.3,1.4,58.9,55.7,44.3,3,6.5
THE URBAN ASSEMBLY SCHOOL FOR MEDIA STUDIES     ,1144,153.45,19.80769231,366,12.8,2.2,37.4,3,56,57.9,42.1,3,6.9
THE URBAN ASSEMBLY SCHOOL FOR GREEN CAREERS     ,1223.438806,153.45,10,283,25.1,1.8,19.8,1.8,76,56.9,43.1,3,6.3
THE GLOBAL LEARNING COLLABORATIVE               ,1223.438806,153.45,24.98,358,19.3,3.6,27.7,5.9,62.6,51.4,48.6,3,7
WADLEIGH SECONDARY SCHOOL FOR THE PERFORMING & V,1109,153.45,23.6,516,7.4,0.4,59.9,0.8,38.8,38.4,61.6,3,6
FRANK MCCOURT HIGH SCHOOL                       ,1223.438806,153.45,25,219,0.9,6.8,18.3,37,37,46.6,53.4,3,7.3
BEACON HIGH SCHOOL                              ,1744,140,30.78333333,1162,0.2,8.9,14.6,49.8,22.8,39,61,3,7.8
FIORELLO H. LAGUARDIA HIGH SCHOOL OF MUSIC & ART,1707,790,31.30625,2605,0.2,19.6,12.9,49.2,16.6,26.4,73.6,3,7.1
HIGH SCHOOL FOR LAW ADVOCACY AND COMMUNITY JUSTI,1196,153.45,23.41666667,541,10.5,1.3,46.2,1.8,48.1,40.1,59.9,3,6.2
HIGH SCHOOL OF ARTS AND TECHNOLOGY              ,1277,6,28.07142857,603,10.4,5,34.8,2.3,57.2,67.7,32.3,3,6.4
MANHATTAN/HUNTER SCIENCE HIGH SCHOOL            ,1446,153.45,21.6,453,1.3,25.6,21.4,10.2,41.5,41.1,58.9,3,7.3
FREDERICK DOUGLASS ACADEMY II SECONDARY SCHOOL  ,1096,153.45,21.89285714,413,5.8,0.7,77.7,1.5,18.9,54.2,45.8,3,5.8
COALITION SCHOOL FOR SOCIAL CHANGE              ,1084,153.45,21.32,349,9.7,0.9,39.3,0.9,58.7,44.4,55.6,4,6.6
MANHATTAN CENTER FOR SCIENCE AND MATHEMATICS    ,1430,261,31.06666667,1650,2.7,20.1,19.7,2.2,57.4,46.4,53.6,4,6.6
PARK EAST HIGH SCHOOL                           ,1128,153.45,19.04,349,4.3,4.9,33.2,0.3,59.6,42.1,57.9,4,7
CENTRAL PARK EAST SECONDARY HIGH SCHOOL         ,1221,153.45,25.16428571,445,4,6.5,26.7,1.6,64.5,32.1,67.9,4,6.6
YOUNG WOMEN'S LEADERSHIP SCHOOL                 ,1326,29,25.71176471,449,2.2,5.1,31.2,1.6,60.1,0,100,4,7.5
YOUNG WOMEN'S LEADERSHIP SCHOOL                 ,1326,153.45,25.71176471,449,2.2,5.1,31.2,1.6,60.1,0,100,4,7.5
THE HERITAGE SCHOOL                             ,1054,153.45,20.69285714,294,6.8,0.3,28.9,1,69.4,48.6,51.4,4,6.4
MOTT HALL HIGH SCHOOL                           ,1210,153.45,25.64,426,8.7,0.9,35,0.2,63.8,53.5,46.5,5,6.2
COLUMBIA SECONDARY SCHOOL                       ,1223.438806,153.45,25.36666667,474,0.6,11.6,20,18.4,48.5,49.6,50.4,5,6.9
ACADEMY FOR SOCIAL ACTION                       ,1062,153.45,23.43076923,425,9.9,0.5,61.4,0,38.1,48.7,51.3,5,5.7
URBAN ASSEMBLY SCHOOL FOR THE PERFORMING ARTS   ,1077,153.45,24.23846154,374,6.1,0.5,59.1,0.8,38.2,25.4,74.6,5,5.2
FREDERICK DOUGLASS ACADEMY                      ,1374,159,26.68125,1556,2.4,1.2,74.4,1.3,22.8,52.2,47.8,5,5.7
THURGOOD MARSHALL ACADEMY FOR LEARNING AND SOCIA,1202,153.45,22.99333333,580,1.4,0.2,78.1,0.2,20.9,44.1,55.9,5,6.7
HIGH SCHOOL FOR MATHEMATICS SCI AND ENGINEERING ,1847,71,21.68125,406,0,36.2,15,26.1,21.2,65.8,34.2,5,7.8
CITY COLLEGE ACADEMY OF THE ARTS                ,1270,153.45,23.63571429,586,6.1,0.7,6,1.2,92,39.6,60.4,6,7.8
COMMUNITY HEALTH ACADEMY OF THE HEIGHTS         ,1105,153.45,27.06923077,520,30,0.2,5.2,0.8,93.8,52.3,47.7,6,6.4
WASHINGTON HEIGHTS EXPEDITIONARY LEARNING SCHOOL,1174,153.45,28.06,602,19.6,0,2.3,0.3,96.7,55.8,44.2,6,7.5
HIGH SCHOOL FOR EXCELLENCE AND INNOVATION       ,1223.438806,153.45,17,178,19.7,0,25.8,0,72.5,52.8,47.2,6,7.6
HIGH SCHOOL FOR INTERNATIONAL BUSINESS AND FINAN,1127,43,26.0375,630,43,0.5,5.2,1.4,91.4,63.8,36.2,6,7.1
HIGH SCHOOL FOR MEDIA AND COMMUNICATIONS        ,1098,153.45,23.36875,572,26.9,1,10.7,0.5,87.1,63.5,36.5,6,6.4
HIGH SCHOOL FOR LAW AND PUBLIC SERVICE          ,1102,82,24.96666667,694,32,1,13,1.3,84.4,58.6,41.4,6,6.5
HIGH SCHOOL FOR HEALTH CAREERS AND SCIENCES     ,1224,17,27.63125,679,31.2,0.7,13.7,1,83.8,52.7,47.3,6,6.4
A. PHILIP RANDOLPH CAMPUS HIGH SCHOOL           ,1309,72,30.04210526,1285,2.3,4,32.8,0.7,62.3,49.9,50.1,6,6.1
GREGORIO LUPERON HIGH SCHOOL FOR SCIENCE AND MAT,1014,73,25.43076923,472,89.6,0,0,0,99.8,48.9,51.1,6,7.7
SOUTH BRONX PREPARATORY: A COLLEGE BOARD SCHOOL ,1090,24,21.38666667,622,8.8,0.6,29.9,0.5,68.8,47.4,52.6,7,7.1
INTERNATIONAL COMMUNITY HIGH SCHOOL             ,945,153.45,16.2,393,90.1,4.8,20.1,2,71.8,48.6,51.4,7,7.3
COMMUNITY SCHOOL FOR SOCIAL JUSTICE             ,1077,153.45,22.64375,319,13.2,0.6,32.3,0.9,65.5,49.2,50.8,7,7.2
MOTT HAVEN VILLAGE PREPARATORY HIGH SCHOOL      ,1097,153.45,24.34285714,363,9.6,1.1,22.6,0,76,50.1,49.9,7,6.9
UNIVERSITY HEIGHTS SECONDARY SCHOOL AT BRONX COM,1201,153.45,26.88571429,465,3.7,2.6,18.1,1.3,78.1,43.2,56.8,7,7.2
HOSTOSLINCOLN ACADEMY OF SCIENCE               ,1257,39,21.35555556,538,5.6,2,24,0.7,72.7,45.2,54.8,7,6.8
FOREIGN LANGUAGE ACADEMY OF GLOBAL STUDIES      ,1186,12,23.2125,311,21.9,3.2,26,1,68.8,45.3,54.7,7,6
BRONX LEADERSHIP ACADEMY II HIGH SCHOOL         ,1103,153.45,24.40666667,502,14.1,1.4,41.2,1,56,54,46,7,6.7
NEW EXPLORERS HIGH SCHOOL                       ,1084,153.45,24.15454545,383,15.7,0.5,30.3,0.5,68.1,57.7,42.3,7,7.7
ACADEMY FOR CAREERS IN SPORTS                   ,1181,153.45,25.53888889,477,5,0.4,26.6,0.4,70.4,84.3,15.7,7,7.2
BRONX ACADEMY OF LETTERS                        ,1201,37,23.12,555,9.4,0.5,34.1,0.9,64.3,44.5,55.5,7,6.3
ALFRED E. SMITH CAREER AND TECHNICAL EDUCATION H,1158,153.45,27.3,738,9.1,1.4,35.9,0.7,61.5,92.7,7.3,7,5.7
HEALTH OPPORTUNITIES HIGH SCHOOL                ,1095,29,25.73333333,587,10.4,3.1,39.2,0.5,56.9,28.6,71.4,7,6.3
BRONX STUDIO SCHOOL                             ,1223.438806,153.45,27.22857143,500,9.2,1.2,22.4,1,74.8,44,56,8,6.611666667
YOUNG WOMEN'S LEADERSHIP SCHOOL BRONX           ,1171,153.45,22,379,2.6,2.9,45.9,2.4,46.4,0.3,99.7,8,6.3
RENAISSANCE HIGH SCHOOL OF MUSICAL THEATER & TEC,1158,14,25.82666667,469,4.5,2.6,25.4,7.7,63.8,38,62,8,6.9
PABLO NERUDA ACADEMY FOR ARCHITECTURE AND WORLD ,1038,153.45,19.67692308,359,15.9,2.5,26.2,1.4,69.9,66,34,8,6.3
MILLENNIUM ART ACADEMY                          ,1164,153.45,28.15714286,496,5.4,1.8,32.5,1,64.3,49.2,50.8,8,6.4
HOLCOMBE L. RUCKER SCHOOL OF COMMUNITY RESEARCH ,1084,153.45,19.68823529,333,12.6,0.9,39.9,0.6,56.8,49.2,50.8,8,6.8
ANTONIA PANTOJA PREPARATORY ACADEMY             ,1223.438806,153.45,23.5,432,7.4,4.9,27.8,0.7,66,47,53,8,5.6
HERBERT LEHMAN HIGH SCHOOL                      ,1241,197,27.48421053,3593,9.2,6.8,23,9,60.6,61.1,38.9,8,5.5
BRONX BRIDGES HIGH SCHOOL                       ,1223.438806,153.45,19.08,155,79.4,5.2,8.4,2.6,83.2,52.3,47.7,8,6.9
THE FELISA RINCON DE GAUTIER INSTITUTE FOR LAW A,1099,153.45,24.01875,363,14,1.4,21.8,0.6,76,43,57,8,5.7
BANANA KELLY HIGH SCHOOL                        ,1131,153.45,25.28461538,451,13.5,0.7,32.6,1.1,65.4,49.9,50.1,8,7
BRONX EXPEDITIONARY LEARNING HIGH SCHOOL        ,1049,153.45,22.71428571,355,29.3,1.1,27.9,0.8,69.3,50.1,49.9,9,6.5
EAGLE ACADEMY FOR YOUNG MEN                     ,1134,11,25.47333333,550,4,0.7,63.1,0.5,33.8,100,0,9,5.8
URBAN ASSEMBLY SCHOOL FOR APPLIED MATH AND SCIEN,1290,153.45,21.52941176,606,9.4,2.6,32,1.5,63.4,49.3,50.7,9,6.8
EXIMIUS COLLEGE PREPARATORY ACADEMY: A COLLEGE B,1169,11,24.60769231,356,8.1,0.6,40.7,0.3,58.1,46.6,53.4,9,7.3
MOTT HALL BRONX HIGH SCHOOL                     ,1092,153.45,27.71428571,354,8.8,1.1,24.3,0.8,73.7,45.8,54,9,6.6
BRONX CENTER FOR SCIENCE AND MATHEMATICS        ,1396,35,22.67058824,444,1.6,5.9,24.3,1.1,68.7,46.2,53.8,9,7.1
VALIDUS PREPARATORY ACADEMY: AN EXPEDITIONARY LE,1075,153.45,26.28571429,365,12.1,1.1,34.2,0.3,63.8,44.1,55.9,9,7.6
LEADERSHIP INSTITUTE                            ,1081,7,22.1,230,16.5,1.7,33,1.3,63.5,52.2,47.8,9,7.1
MORRIS ACADEMY FOR COLLABORATIVE STUDIES        ,1148,153.45,22.84666667,450,19.1,0.4,26,0.4,73.1,53.8,46.2,9,6.4
BRONX EARLY COLLEGE ACADEMY FOR TEACHING & LEARN,1223.438806,153.45,27.9625,493,11,3,32,0.2,64.5,48.5,51.5,9,6.7
DREAMYARD PREPARATORY SCHOOL                    ,1138,153.45,22.88571429,349,24.4,0,26.9,0.3,69.9,44.1,55.9,9,6
ACADEMY FOR LANGUAGE AND TECHNOLOGY             ,951,20,23.71428571,336,86.6,0,0.6,0,99.4,48.8,51.2,9,7.5
BRONX INTERNATIONAL HIGH SCHOOL                 ,965,153.45,15.61111111,403,87.1,1,22.8,3.7,72.2,45.7,54.3,9,7
SCHOOL FOR EXCELLENCE                           ,1074,153.45,24.3,386,20.7,0.3,34.5,0,64.5,52.3,47.7,9,6.9
BRONX HIGH SCHOOL OF BUSINESS                   ,1083,9,23.18461538,401,23.2,0.7,38.7,0.5,59.9,54.9,45.1,9,6.1
BRONX HIGH SCHOOL FOR MEDICAL SCIENCE           ,1221,153.45,26.03571429,455,5.7,5.3,36.7,0.2,57.8,42.2,57.8,9,6
BRONX SCHOOL FOR LAW GOVERNMENT AND JUSTICE     ,1224,27,27.76666667,763,6.6,2,30.4,1,66.2,45.9,54.1,9,6.5
FREDERICK DOUGLASS ACADEMY III SECONDARY SCHOOL ,1121,153.45,22.95625,532,6.4,1.1,56.2,0.4,41.4,51.5,48.5,9,6.5
BRONX LEADERSHIP ACADEMY HIGH SCHOOL            ,1166,8,26.86875,705,9.6,0.7,41.1,0,57,43.3,56.7,9,6.1
HIGH SCHOOL FOR VIOLIN AND DANCE                ,1039,153.45,22.5,323,8.7,0.3,36.8,0,62.5,14.6,85.4,9,6.6
RIVERDALE/KINGSBRIDGE ACADEMY (MS/HS 141)       ,1333,119,26.79411765,1337,6.7,8.8,13,24.9,53,51.8,48.2,10,5.9
BRONX ENGINEERING AND TECHNOLOGY ACADEMY        ,1150,10,22.02307692,444,15.5,5.2,29.5,0.9,64.2,82.7,17.3,10,6.5
THEATRE ARTS PRODUCTION COMPANY SCHOOL          ,1190,153.45,25.04,524,4.4,1.1,27.3,1.1,69.7,30.9,69.1,10,7.7
THE MARIE CURIE SCHOOL FOR MEDICINE             ,1157,153.45,25.8125,540,6.7,1.5,35.6,3.3,57.4,16.5,83.5,10,5.9
WEST BRONX ACADEMY FOR THE FUTURE               ,1158,14,25.04285714,636,13.2,3.5,24.7,1.3,69.5,57.9,42.1,10,6.6
KINGSBRIDGE INTERNATIONAL HIGH SCHOOL           ,962,153.45,29.62857143,497,88.7,6.8,5.4,3,84.7,52.3,47.7,10,6.9
BRONX SCHOOL OF LAW AND FINANCE                 ,1182,153.45,23.35882353,422,7.1,0.7,31.5,2.6,65.2,56.6,43.4,10,6.1
INTERNATIONAL SCHOOL OF LIBERAL ARTS            ,934,45,23.72307692,606,79.9,0.2,0,0,99.8,49,51,10,7.4
INTECH ACADEMY (MS/HS 368)                     ,1181,17,26.26666667,1126,12.1,4,11.9,2,81.9,48.9,51.1,10,6.5
KNOWLEDGE AND POWER PREPARATORY ACADEMY INTERNAT,1180,153.45,22.75,324,9.3,0.9,35.2,3.1,59.9,47.2,52.8,10,7.2
HIGH SCHOOL FOR TEACHING AND THE PROFESSIONS    ,1106,13,20.8,473,17.8,2.5,25.2,1.9,70.4,42.3,57.7,10,5.9
BELMONT PREPARATORY HIGH SCHOOL                 ,1222,10,22.36,407,11.3,3.2,29,1.7,65.6,47.2,52.8,10,6
FORDHAM HIGH SCHOOL FOR THE ARTS                ,1077,153.45,22.88823529,387,12.4,1.6,35.7,1.3,61.5,43.2,56.8,10,7
FORDHAM LEADERSHIP ACADEMY FOR BUSINESS AND TECH,1119,12,21.35625,451,16.6,2.7,27.7,1.3,67.8,63.4,36.6,10,5.8
BRONX HIGH SCHOOL FOR LAW AND COMMUNITY SERVICE ,1082,9,21.72941176,432,13.4,2.3,30.8,0.9,64.6,44.4,55.6,10,6
DEWITT CLINTON HIGH SCHOOL                      ,1255,262,26.05263158,4159,19,6.7,30.8,2.1,59.6,51.1,48.9,10,5.2
THE CELIA CRUZ BRONX HIGH SCHOOL OF MUSIC       ,1270,8,23.26111111,423,3.5,0.5,27.2,2.4,69.5,40.7,59.3,10,6.5
BRONX HIGH SCHOOL OF SCIENCE                    ,1969,2189,31.16315789,3013,0.1,63.5,3.5,25.4,7.2,57.8,42.2,10,6.8
MARBLE HILL HIGH SCHOOL FOR INTERNATIONAL STUDIE,1263,37,23.15882353,456,32.2,11,23,7.5,57.9,46.7,53.3,10,7.1
BRONX THEATRE HIGH SCHOOL                       ,1064,153.45,24.12307692,445,9.4,0.4,28.8,1.8,69,32.1,67.9,10,7.4
DISCOVERY HIGH SCHOOL                           ,1115,153.45,23.85384615,529,20.6,2.1,20.2,1.3,75.6,52.4,47.6,10,6.2
HIGH SCHOOL OF AMERICAN STUDIES AT LEHMAN COLLEG,1920,243,22.18947368,377,0,16.7,10.6,53.8,18,53.8,46.2,10,8.1
BRONX HEALTH SCIENCES HIGH SCHOOL               ,1133,153.45,22.67142857,377,6.1,4.8,56.8,0.5,36.3,35.3,64.7,11,6.3
BRONX HIGH SCHOOL FOR WRITING AND COMMUNICATION ,1147,153.45,23.66,422,8.5,2.4,48.3,1.7,47.6,40.8,59.2,11,5.5
BRONX LAB SCHOOL                                ,1135,153.45,22.07857143,482,3.7,2.7,37.8,1.7,57.3,59.5,40.5,11,6.4
ACADEMY FOR SCHOLARSHIP AND ENTREPRENEURSHIP: A ,1141,153.45,28.15714286,606,6.3,2.5,63.7,0.7,32,52,48,11,5.2
HIGH SCHOOL OF COMPUTERS AND TECHNOLOGY         ,1111,153.45,28.3,550,10.2,3.6,34.9,1.3,59.5,87.3,12.7,11,6.3
COLLEGIATE INSTITUTE OF MATH AND SCIENCE        ,1348,33,24.11764706,543,3.3,9.2,36.8,7,46.8,57.1,42.9,11,7.2
BRONX ACADEMY OF HEALTH CAREERS                 ,1135,153.45,27.10625,483,7.7,3.3,52.6,1,41.2,32.7,67.3,11,5.9
ASTOR COLLEGIATE ACADEMY                        ,1169,12,24.19333333,498,7.6,5.4,35.7,11.8,46,58.6,41.4,11,5.9
BRONX HIGH SCHOOL FOR THE VISUAL ARTS           ,1268,9,26.96470588,483,5.2,1.9,29.2,6.4,62.3,58,42,11,6.3
HARRY S TRUMAN HIGH SCHOOL                      ,1151,27,28.54444444,1773,9.2,2,51.8,1.3,43.8,60,40,11,6
NEW WORLD HIGH SCHOOL                           ,1048,153.45,21.71666667,402,80.1,12.4,13.2,3.2,70.4,50,50,11,7.1
SPORTS PROFESSIONS HIGH SCHOOL                  ,1112,153.45,22.9875,416,7,1.9,58.2,1,37.3,61.3,38.7,11,6
PELHAM PREPARATORY ACADEMY                      ,1288,17,27.45294118,507,2.2,2.4,40.2,6.9,49.7,48.1,51.9,11,6.4
HIGH SCHOOL FOR CONTEMPORARY ARTS               ,1126,153.45,25.62352941,479,10.2,1,37.2,1,59.9,55.3,44.7,11,6.7
BRONX AEROSPACE ACADEMY                         ,1163,153.45,20.77368421,416,14.7,2.2,23.8,1.2,72.6,82.5,17.5,11,5.6
THE METROPOLITAN HIGH SCHOOL                    ,1055,153.45,23.29230769,339,21.8,1.8,24.2,0.9,72.9,54,46,12,6.8
EXPLORATIONS ACADEMY                            ,1122,153.45,21.15625,362,19.9,1.7,31.2,1.4,65.5,50.8,49.2,12,6.9
BRONX LATIN                                     ,1251,153.45,21.7,418,13.6,0.2,25.6,1,73.2,49.8,50.2,12,8.5
EAST BRONX ACADEMY FOR THE FUTURE               ,1102,153.45,26.97857143,619,11.6,1.9,29.4,0.2,68.3,53,47,12,6.8
PEACE AND DIVERSITY ACADEMY                     ,1155,153.45,21.04210526,231,13.9,1.7,43.7,0.9,53.7,45,55,12,8.6
PAN AMERICAN INTERNATIONAL HIGH SCHOOL AT MONROE,970,153.45,15.36153846,406,92.9,0,0,0,99.8,51.5,48.5,12,6.8
THE CINEMA SCHOOL                               ,1223.438806,153.45,22.69090909,223,4,4.5,28.7,1.8,65,40.8,59.2,12,7.5
BRONX CAREER AND COLLEGE PREPARATORY HIGH SCHOOL,1223.438806,153.45,21.94285714,244,16.8,2.5,37.3,0.4,59.8,44.3,55.7,12,6.5
HIGH SCHOOL OF WORLD CULTURES                   ,939,153.45,23.16666667,369,86.4,2.4,10.8,0.5,84.6,52,48,12,7.8
FANNIE LOU HAMER FREEDOM HIGH SCHOOL            ,1029,153.45,22.46666667,477,11.5,0.2,30.6,0.2,68.8,54.1,45.9,12,6.6
WINGS ACADEMY                                   ,1114,153.45,24.54705882,538,4.5,1.3,55,1.3,42.2,53.7,46.3,12,5.9
MONROE ACADEMY FOR VISUAL ARTS                  ,1038,153.45,22.2,466,28.8,0.9,20.4,1.3,77.5,52.6,47.4,12,6.7
JHS 265 SUSAN S. MCKINNEY                       ,1074,153.45,21.44375,443,4.3,0.5,72,1.8,24.6,37,63,13,6.1
THE URBAN ASSEMBLY SCHOOL OF MUSIC AND ART      ,1080,153.45,22.16923077,431,4.6,1.9,73.3,0.9,22.7,42.7,57.3,13,6.5
BROOKLYN COMMUNITY HIGH SCHOOL OF COMMUNICATIONS,1114,153.45,25.2,462,2.4,0.6,79.2,1.3,17.1,45.5,54.5,13,6.1
SCIENCE SKILLS CENTER HIGH SCHOOL FOR SCIENCE   ,1211,153.45,27.16111111,517,7,7.2,77.8,2.1,12.2,56.1,43.9,13,6
BROOKLYN TECHNICAL HIGH SCHOOL                  ,1833,2687,32.45263158,5332,0.1,60.3,10.2,21.3,7.9,58.3,41.7,13,7
BROOKLYN INTERNATIONAL HIGH SCHOOL              ,981,153.45,19.58571429,367,83.1,42.5,20.2,8.7,28.6,48.2,51.8,13,7.9
THE URBAN ASSEMBLY SCHOOL FOR LAW AND JUSTICE   ,1206,24,22.22142857,450,0.9,0.9,79.1,1.1,17.1,39.6,60.4,13,6.8
ACORN COMMUNITY HIGH SCHOOL                     ,1116,153.45,27.15333333,731,2.9,1.2,84.7,0.8,12.2,55.8,44.2,13,6
URBAN ASSEMBLY INSTITUTE OF MATH AND SCIENCE FOR,1223.438806,153.45,24.9,469,1.5,5.1,79.3,2.6,11.7,0,100,13,5.8
BEDFORD ACADEMY HIGH SCHOOL                     ,1312,16,21.79375,367,1.1,2.7,89.4,0.3,7.1,49,51,13,6.6
GEORGE WESTINGHOUSE CAREER AND TECHNICAL EDUCATI,1189,153.45,26.7375,927,1.9,2.8,79.8,1.3,15.3,75.5,24.5,13,5.5
BENJAMIN BANNEKER ACADEMY                       ,1391,62,27.89473684,895,0,2.7,87,0.4,8.8,46.1,53.9,13,6.6
CITY POLYTECHNIC HIGH SCHOOL OF ENGINEERING     ,1353,153.45,21.37,335,3.6,7.5,58.2,4.5,26.3,79.4,20.6,13,6.4
JUAN MOREL CAMPOS SECONDARY SCHOOL              ,1085,12,30.05,865,24.9,0.2,15.3,3.4,80.6,54.7,45.3,14,6.1
FOUNDATIONS ACADEMY                             ,1223.438806,153.45,20.6,141,5.7,1.4,66.7,1.4,29.8,56.7,43.3,14,6.9
BROOKLYN LATIN                                  ,1740,153.45,23.26,468,0.4,36.8,26.7,14.5,17.9,54.9,45.1,14,7.5
GREEN SCHOOL: AN ACADEMY FOR ENVIRONMENTAL CAREE,1189,153.45,23.66153846,392,11.5,2,47.7,2.6,46.9,46.2,53.8,14,6.8
PROGRESS HIGH SCHOOL FOR PROFESSIONAL CAREERS   ,1114,153.45,25.8375,1068,16.1,0.7,32.6,1,65.4,48.5,51.5,14,6.4
SCHOOL FOR LEGAL STUDIES                        ,1204,153.45,27.43333333,759,5.7,0.9,57.7,1.7,39.3,45.8,54.2,14,5.4
ENTERPRISE BUSINESS AND TECH HS                 ,1215,19,29.36111111,976,9.9,3.2,39.3,1.9,55.4,65.7,34.3,14,6
BROOKLYN PREPARATORY HIGH SCHOOL                ,1090,7,23.40666667,400,2.7,1.7,58.7,1,37.7,47.7,52.2,14,6.4
WILLIAMSBURG HIGH SCHOOL FOR ARCHITECTURE AND DE,1112,153.45,25.36153846,500,7,1.4,38.4,2.2,57.2,72.6,27.4,14,7.8
WILLIAMSBURG PREPARATORY SCHOOL                 ,1187,153.45,25.38888889,577,2.8,1.6,25.5,11.1,61.5,51,49,14,7.2
LYONS COMMUNITY SCHOOL                          ,1103,153.45,20.7625,527,14.6,1.1,41.7,2.1,54.6,53.7,46.3,14,6.9
AUTOMOTIVE HIGH SCHOOL                          ,1093,153.45,25.56,723,4.7,1.4,66.1,1.7,30.2,95.6,4.4,14,5.3
FRANCES PERKINS ACADEMY                         ,1122,153.45,17.3375,173,9.8,0,64.7,4,31.2,76.9,23.1,14,7.1
EL PUENTE ACADEMY FOR PEACE AND JUSTICE         ,1035,153.45,22.3375,218,17,1.8,10.1,0.5,87.6,42.7,57.3,14,7.8
BROOKLYN SCHOOL FOR GLOBAL STUDIES              ,1111,153.45,25.25714286,354,5.9,2.3,54.5,3.4,39,56.2,43.8,15,6.1
BROOKLYN SECONDARY SCHOOL FOR COLLABORATIVE STUD,1179,153.45,23.1,692,4.5,4.3,34.2,12.6,48.1,59.1,40.9,15,6.7
SECONDARY SCHOOL FOR LAW                        ,1203,153.45,25.9,473,6.3,2.5,62.4,5.5,29.6,44.2,55.8,15,5.5
SECONDARY SCHOOL FOR JOURNALISM                 ,1169,153.45,23.77857143,336,16.7,9.2,42,5.4,43.2,42.3,57.7,15,5.8
SECONDARY SCHOOL FOR RESEARCH                   ,1175,153.45,26.7375,394,9.6,8.6,33.2,5.3,51.8,52.8,47.2,15,6.2
SCHOOL FOR INTERNATIONAL STUDIES                ,1212,153.45,23.52666667,486,14.6,6.2,40.9,14,38.9,50.8,49.2,15,6.7
COBBLE HILL SCHOOL OF AMERICAN STUDIES          ,1185,153.45,26.88235294,663,7.5,5.1,71.5,2.3,21,43.9,56.1,15,5.6
BROOKLYN HIGH SCHOOL OF THE ARTS                ,1258,153.45,26.775,678,0.1,1.8,76.5,2.2,19,33.9,66.1,15,6.6
SUNSET PARK HIGH SCHOOL                         ,1223.438806,153.45,26.85555556,988,14.4,4.7,7.8,6.7,80.8,50.7,49.3,15,6.4
FREDERICK DOUGLASS ACADEMY IV SECONDARY SCHOOL  ,1068,153.45,22.30769231,439,1.4,0.9,83.6,0.5,14.1,48.7,51.3,16,6.1
BOYS AND GIRLS HIGH SCHOOL                      ,1097,153.45,26.51333333,1631,2.5,0.5,90,0.7,7.8,61.7,38.3,16,6.1
ACORN HIGH SCHOOL FOR SOCIAL JUSTICE            ,1092,153.45,26.64,405,4.7,1,72.8,0,24.9,51.6,48.4,16,6.4
THE BROOKLYN ACADEMY OF GLOBAL FINANCE          ,1223.438806,153.45,21.475,159,6.3,1.9,74.2,2.5,20.8,51.6,48.4,16,4.9
ACADEMY FOR COLLEGE PREPARATION AND CAREER EXPLO,1139,7,24.81333333,565,5,0.2,92,1.1,6.7,53.8,46.2,17,5.5
ACADEMY OF HOSPITALITY AND TOURISM              ,1045,153.45,25.14166667,319,12.9,1.6,84.3,0.9,12.9,49.8,50.2,17,5.5
INTERNATIONAL HIGH SCHOOL AT PROSPECT HEIGHTS   ,913,153.45,23.79230769,401,91,28.4,29.2,14.2,27.9,59.1,40.9,17,7.4
THE HIGH SCHOOL FOR GLOBAL CITIZENSHIP          ,1176,153.45,26.39375,343,5.2,1.5,89.2,1.5,7.3,50.1,49.9,17,6.1
THE SCHOOL FOR HUMAN RIGHTS                     ,1088,153.45,30.9375,386,6.2,0.8,88.9,1.6,8.3,51.6,48.4,17,6.8
SCHOOL FOR DEMOCRACY AND LEADERSHIP             ,1153,153.45,23.24285714,406,3.7,0.5,89.4,1.5,8.4,52,48,17,5.6
HIGH SCHOOL FOR YOUTH AND COMMUNITY DEVELOPMENT ,1027,153.45,23.02,385,9.1,1,87.3,1,9.1,61.6,38.4,17,5.5
HIGH SCHOOL FOR SERVICE & LEARNING AT ERASMUS   ,1105,153.45,27.87333333,422,8.8,2.1,87,1.7,9,63.3,36.7,17,5.5
SCI TECHNOLOGY AND RESEARCH EARLY COLLEGE HIGH  ,1360,153.45,23.09285714,521,0,3.1,83.9,1.3,9.4,53,47,17,6.6
HIGH SCHOOL FOR PUBLIC SERVICE: HEROES OF TOMORR,1273,13,23.11666667,417,0.5,3.6,82.5,0.7,12.2,24.9,75.1,17,6.4
BROOKLYN ACADEMY OF SCIENCE AND THE ENVIRONMENT ,1143,153.45,21.38571429,471,6.8,4,79.6,1.5,14.2,54.4,45.6,17,5.7
BROOKLYN SCHOOL FOR MUSIC & THEATRE             ,1151,9,26.0875,412,0.5,1,82.8,1,15.3,32.8,67.2,17,5.9
MIDDLE COLLEGE HIGH SCHOOL AT MEDGAR EVERS COLLE,1436,86,27.57647059,1104,0,0.9,95.7,0,2.8,41.8,58.2,17,5.7
CLARA BARTON HIGH SCHOOL                        ,1251,63,29.25,1608,8.3,1.8,91.2,0.7,5.8,23.8,76.2,17,5.9
ITAVA IT TAKES A VILLAGE ACADEMY               ,963,153.45,20.83157895,382,30.4,1.8,92.9,0.5,4.5,49,51,18,6.1
BROOKLYN GENERATION SCHOOL                      ,1145,153.45,19.93333333,331,5.7,1.5,88.8,0.9,8.5,61,39,18,6
BROOKLYN THEATRE ARTS HIGH SCHOOL               ,1118,153.45,26.06666667,382,5,0.5,84.3,2.1,12.8,36.1,63.9,18,5.8
KURT HAHN EXPEDITIONARY LEARNING SCHOOL         ,1092,153.45,26.125,294,9.5,0,88.1,1.7,8.8,64.3,35.7,18,6.3
VICTORY COLLEGIATE HIGH SCHOOL                  ,1143,153.45,25.01111111,325,5.2,0.3,93.5,0,5.8,48.9,51.1,18,6.6
ARTS & MEDIA PREPARATORY ACADEMY                ,1080,153.45,20.05,293,3.4,0.7,89.4,0,9.6,47.4,52.6,18,6.2
HIGH SCHOOL FOR INNOVATION IN ADVERTISING AND ME,1183,153.45,19.625,310,8.1,1.3,85.8,1.3,10.6,66.5,33.5,18,6.6
CULTURAL ACADEMY FOR THE ARTS AND SCIENCES      ,1169,153.45,18.37272727,299,7.7,1.3,86.6,0.7,11.4,51.5,48.5,18,6
HIGH SCHOOL FOR MEDICAL PROFESSIONS             ,1159,153.45,26.95,460,3.3,1.7,85,0.2,12.4,21.5,78.5,18,6.3
ACADEMY FOR CONSERVATION AND THE ENVIRONMENT    ,1111,153.45,19.6,274,6.9,2.2,83.9,1.5,12,54.7,45.3,18,6.1
URBAN ACTION ACADEMY                            ,1135,153.45,20.5625,305,11.1,2.3,82.3,3.9,10.5,62.6,37.4,18,6.1
EAST NEW YORK FAMILY ACADEMY                    ,1242,153.45,19.12105263,433,0.5,0.5,67.2,1.4,30.3,43.2,56.8,19,6.7
FDNY HIGH SCHOOL FOR FIRE AND LIFE SAFETY       ,1023,153.45,23.52,381,5,1,73.8,1.6,23.4,81.1,18.9,19,5.4
HIGH SCHOOL FOR CIVIL RIGHTS                    ,1054,153.45,26.16666667,401,9.7,2,74.3,1,22.2,54.4,45.6,19,6.4
PERFORMING ARTS AND TECHNOLOGY HIGH SCHOOL      ,1149,153.45,24.61428571,453,4.9,0.7,81.5,0,17.4,51.4,48.6,19,6.5
WORLD ACADEMY FOR TOTAL COMMUNITY HEALTH HIGH SC,1106,153.45,23.99375,380,4.2,2.1,81.1,1.3,14.2,36.8,63.2,19,5.3
MULTICULTURAL HIGH SCHOOL                       ,887,39,23.80833333,406,94.6,0,0.2,0,99.8,49.8,50.2,19,7.1
TRANSIT TECH CAREER AND TECHNICAL EDUCATION HIGH,1193,18,26.97142857,1317,2.4,4.4,70.5,1.5,23.2,84.1,15.9,19,5.3
ACADEMY OF INNOVATIVE TECHNOLOGY                ,1096,153.45,23.31818182,404,12.1,7.4,38.4,3,50.2,70.3,29.7,19,6.4
BROOKLYN LAB SCHOOL                             ,1108,153.45,25.29230769,397,15.4,1.5,30.7,1.3,65,58.4,41.6,19,5.6
CYPRESS HILLS COLLEGIATE PREPARATORY SCHOOL     ,1129,10,23.84705882,437,16.2,8.2,16.9,1.4,73.2,47.8,52.2,19,6.6
W. H. MAXWELL CAREER AND TECHNICAL EDUCATION HIG,1102,153.45,25.27857143,590,5.3,0.5,71.9,0.7,25.4,29.8,70.2,19,5.8
THE SCHOOL FOR CLASSICS: AN ACADEMY OF THINKERS ,1157,153.45,25.84166667,311,9,10,54.3,0.6,34.7,37.6,62.4,19,6.7
NEW UTRECHT HIGH SCHOOL                         ,1272,95,27.88421053,3276,23,35.9,5.5,30.5,28,59.3,40.7,20,7
HIGH SCHOOL OF TELECOMMUNICATION ARTS AND TECHNO,1323,123,30.43333333,1280,4.9,19.2,9.5,16.8,54.1,53.5,46.5,20,7
FORT HAMILTON HIGH SCHOOL                       ,1306,331,28.31,4275,21.2,30.3,5,34.2,30.2,53.4,46.6,20,7.1
FRANKLIN DELANO ROOSEVELT HIGH SCHOOL           ,1244,186,27.91428571,3108,39.4,44.2,9.4,18.6,27.3,58.4,41.6,20,6.8
URBAN ASSEMBLY SCHOOL FOR CRIMINAL JUSTICE      ,1223.438806,153.45,12.575,374,15.5,35,33.7,9.1,21.9,0,100,20,7.7
INTERNATIONAL HIGH SCHOOL AT LAFAYETTE          ,1026,153.45,17.20666667,343,89.2,42,14,22.7,21,58.9,41.1,21,7.6
RACHEL CARSON HIGH SCHOOL FOR COASTAL STUDIES   ,1237,153.45,25.92352941,481,11,12.3,24.1,37.6,25.8,53.6,46.4,21,6.3
HIGH SCHOOL OF SPORTS MANAGEMENT                ,1164,153.45,26.39285714,370,2.4,2.7,68.4,5.9,23,88.9,11.1,21,6
ABRAHAM LINCOLN HIGH SCHOOL                     ,1226,18,27.66842105,2595,16.7,19.3,35.1,25.1,20.1,56.4,43.6,21,6
KINGSBOROUGH EARLY COLLEGE SCHOOL               ,1223.438806,153.45,24.63,472,2.8,7.2,25,44.7,22.7,57.8,42.2,21,6.4
EDWARD R. MURROW HIGH SCHOOL                    ,1431,307,30.315,4022,9.1,27.1,24.1,30.8,17.6,42.4,57.6,21,7
JOHN DEWEY HIGH SCHOOL                          ,1262,154,28.37,2168,19.6,39.1,30.6,10.8,19.1,51.5,48.5,21,6.4
LIFE ACADEMY HIGH SCHOOL FOR FILM AND MUSIC     ,1124,153.45,24.25,251,4.8,4.8,44.6,20.3,29.9,51,49,21,6.2
EXPEDITIONARY LEARNING SCHOOL FOR COMMUNITY LEAD,1079,153.45,21.15714286,226,21.7,19.5,19.5,19.5,41.2,51.3,48.7,21,6.4
WILLIAM E. GRADY CAREER AND TECHNICAL EDUCATION ,1184,153.45,25.62941176,956,3.1,3.2,74.9,6.9,14,78,22,21,5.5
BROOKLYN STUDIO SECONDARY SCHOOL                ,1313,13,26.58421053,876,8.4,12.8,7.2,56.5,23.1,50.1,49.9,21,6.5
MIDWOOD HIGH SCHOOL                             ,1473,758,31.96315789,3842,3.7,31.7,35.2,21.2,11.7,45.3,54.7,22,6.5
JAMES MADISON HIGH SCHOOL                       ,1350,188,30.49444444,3076,13.2,20.8,17.9,46.4,14.5,54.4,45.6,22,6.5
LEON M. GOLDSTEIN HIGH SCHOOL FOR THE SCIENCES  ,1627,382,31.58235294,1022,0.5,13.5,9.4,65.6,10.8,41.2,58.8,22,7.6
BROOKLYN COLLEGE ACADEMY                        ,1352,153.45,26.27058824,630,0.2,5.9,77.9,2.7,12.4,36.3,63.7,22,7.5
BROOKLYN COLLEGIATE: A COLLEGE BOARD SCHOOL     ,1185,153.45,24.79285714,580,1.6,1.9,88.1,0.5,8.3,50.7,49.3,23,6.1
FREDERICK DOUGLASS ACADEMY VII HIGH SCHOOL      ,1091,153.45,23,365,1.4,0.8,88.5,0,10.4,48.5,51.5,23,6.2
TEACHERS PREPARATORY HIGH SCHOOL                ,1196,153.45,25.10625,566,1.8,0.7,84.8,1.2,13.1,34.1,65.9,23,6.4
ACADEMY OF FINANCE AND ENTERPRISE               ,1280,40,24.30588235,420,7.9,17.9,9.8,15.2,56.4,49.3,50.7,24,7.3
HIGH SCHOOL OF APPLIED COMMUNICATION            ,1219,153.45,22.07647059,388,10.3,13.9,12.9,16,57.2,43.8,56.2,24,6.8
CIVIC LEADERSHIP ACADEMY                        ,1240,153.45,23.35,449,9.1,7.8,9.1,3.3,79.3,44.5,55.5,24,7.3
PAN AMERICAN INTERNATIONAL HIGH SCHOOL          ,951,153.45,19.72666667,366,91.3,0,0,0,100,47.8,52.2,24,7.3
BARD HIGH SCHOOL EARLY COLLEGE II               ,1663,153.45,20.47142857,631,0.3,32,16.2,30.3,21.2,39.3,60.7,24,7.9
NEWTOWN HIGH SCHOOL                             ,1203,117,27.31111111,2572,30,24.6,9.3,5.3,60.3,57.5,42.5,24,6.4
GROVER CLEVELAND HIGH SCHOOL                    ,1211,112,26.985,2069,21.6,9.1,4.4,22.7,63.5,55,45,24,6.4
MIDDLE COLLEGE HIGH SCHOOL AT LAGUARDIA COMMUNIT,1177,153.45,18.5,497,0.2,7.8,9.5,11.3,71.4,52.9,47.1,24,7.3
INTERNATIONAL HIGH SCHOOL AT LAGUARDIA COMMUNITY,1064,153.45,17.00769231,493,76.5,43,2,10.3,44,46,54,24,8
HIGH SCHOOL FOR ARTS AND BUSINESS               ,1174,73,27.40555556,828,13.3,9.1,8.3,3,79.2,43.1,56.9,24,7
ROBERT F. WAGNER JR.                            ,1330,153.45,26.5,601,3.8,20.8,6.2,10.5,62.4,46.6,53.4,24,7.2
QUEENS VOCATIONAL AND TECHNICAL HIGH SCHOOL     ,1270,20,28.45625,1368,6.4,10.2,6.9,8.7,74.2,60.3,39.7,24,6.6
AVIATION CAREER & TECHNICAL EDUCATION HIGH SCHOO,1364,61,28.16111111,2201,3.2,27.1,6.8,10.1,55.3,85.3,14.7,24,6.9
THE QUEENS SCHOOL OF INQUIRY                    ,1396,153.45,24.58666667,587,2.7,40.2,17,18.1,24.2,46.7,53.3,25,7
FLUSHING INTERNATIONAL HIGH SCHOOL              ,1049,153.45,19.19230769,422,88.6,64.5,1.2,1.7,32.7,57.3,42.7,25,7.4
EASTWEST SCHOOL OF INTERNATIONAL STUDIES       ,1271,153.45,28.93333333,616,13.6,62.7,14.8,3.4,17.9,54.1,45.9,25,6.7
WORLD JOURNALISM PREPARATORY: A COLLEGE BOARD SC,1441,18,25.04736842,595,0.8,19.3,8.4,51.6,20.3,42.2,57.8,25,6.9
JOHN BOWNE HIGH SCHOOL                          ,1243,116,29.385,3660,24.7,34.3,19.2,5.2,40.7,49.2,50.8,25,6.8
FLUSHING HIGH SCHOOL                            ,1216,136,30.02631579,3113,20,19.9,26.5,3.2,49.8,55.8,44.2,25,5.6
TOWNSEND HARRIS HIGH SCHOOL                     ,1910,625,29.3625,1140,0,55.5,5.9,24.6,12.9,28.9,71.1,25,7.8
ROBERT F. KENNEDY COMMUNITY HIGH SCHOOL         ,1330,43,30.31666667,721,7.5,28.4,11.5,24.5,35.4,53.8,46.2,25,7.1
BENJAMIN N. CARDOZO HIGH SCHOOL                 ,1514,796,31.10526316,3912,6.1,45.7,18.4,16.8,18.6,47.4,52.6,26,6.5
FRANCIS LEWIS HIGH SCHOOL                       ,1474,583,30.23684211,4152,13.2,51.9,8.3,15.5,24.1,49.2,50.8,26,8.8
MARTIN VAN BUREN HIGH SCHOOL                    ,1172,15,27.125,2390,9.9,24.1,56.4,2.9,15.1,54.3,45.7,26,5
BAYSIDE HIGH SCHOOL                             ,1449,413,32.40526316,3308,5.7,45.2,12.7,19.6,22.3,49.4,50.6,26,7.1
QUEENS HIGH SCHOOL OF TEACHING                  ,1279,153.45,28.98333333,1196,2.5,23.8,46.3,12.3,16.8,45.8,54.2,26,6.4
FREDERICK DOUGLASS ACADEMY VI HIGH SCHOOL       ,1145,153.45,24.56428571,445,4,3.8,67,1.3,27,52.6,47.4,27,6
CHANNEL VIEW SCHOOL FOR RESEARCH                ,1252,18,26.38235294,636,1.3,5.7,55.2,11.2,27.5,51.1,48.9,27,7.1
QUEENS HIGH SCHOOL FOR INFORMATION RESEARCH     ,1156,153.45,23.27692308,310,10.6,4.2,60.3,4.5,30,54.5,45.5,27,6.3
ROBERT H. GODDARD HIGH SCHOOL OF COMMUNICATION A,1265,153.45,30.11666667,578,3.6,26.8,7.6,21.8,42.6,48.1,51.9,27,6.6
ACADEMY OF MEDICAL TECHNOLOGY: A COLLEGE BOARD S,1094,153.45,23.32727273,527,10.6,9.1,52.6,3.2,34.2,43.8,56.2,27,6.2
THE SCHOLARS ACADEMY                            ,1532,57,25.93846154,1062,0,22,19.2,41.6,15.9,43.9,56.1,27,7.9
AUGUST MARTIN HIGH SCHOOL                       ,1108,153.45,28.77777778,1029,4.3,6.2,79.9,1.7,11.5,55.2,44.8,27,5
RICHMOND HILL HIGH SCHOOL                       ,1154,55,29.95,2585,17.4,32.9,16.8,3.2,46.4,53,47,27,6
JOHN ADAMS HIGH SCHOOL                          ,1192,33,27.31578947,3386,16,27.5,27.7,3.6,37.1,54.5,45.5,27,6.2
THE HIGH SCHOOL FOR CONSTRUCTION TRADES         ,1345,21,26.84705882,924,0.4,30.7,11.3,15.4,41.6,67.3,32.7,27,6.6
YORK EARLY COLLEGE ACADEMY                      ,1223.438806,153.45,25.10909091,489,0,23.5,64.2,0.6,10.2,51.1,48.9,28,6.6
QUEENS COLLEGIATE: A COLLEGE BOARD SCHOOL       ,1265,153.45,22.52857143,529,8.1,27,49,3,18.5,49.9,50.1,28,6.9
HILLSIDE ARTS & LETTERS ACADEMY                 ,1223.438806,153.45,22.75,200,12.5,28,39,6.5,21,47,53,28,6.4
FOREST HILLS HIGH SCHOOL                        ,1407,526,31.20588235,3834,8.9,26.5,9,33.7,30.2,48.1,51.9,28,6.7
HILLCREST HIGH SCHOOL                           ,1194,50,28.88571429,3103,15,36.5,36.6,2.9,22.8,46.1,53.9,28,7
THOMAS A. EDISON CAREER AND TECHNICAL EDUCATION ,1372,100,29.61666667,2252,1.4,50.9,23.7,3.2,21.1,65.1,34.9,28,6.7
QUEENS GATEWAY TO HEALTH SCIENCES SECONDARY SCHO,1538,57,27.61111111,783,0.1,36.5,44.8,2.7,15.7,38.1,61.9,28,6.9
QUEENS METROPOLITAN HIGH SCHOOL                 ,1223.438806,153.45,29.55,663,3.6,12.1,4.8,40.4,38.6,49.6,50.4,28,6.2
QUEENS HIGH SCHOOL FOR SCIENCES AT YORK COLLEGE ,1868,275,26.00666667,418,0.2,74.4,10.5,6.7,7.9,56.5,43.5,28,7.2
HIGH SCHOOL FOR LAW ENFORCEMENT AND PUBLIC SAFET,1196,153.45,29.34375,536,2.1,8.4,73.7,1.3,15.1,53,47,28,6.1
YOUNG WOMEN'S LEADERSHIP SCHOOL QUEENS          ,1316,153.45,21.87142857,510,2.7,21,57.3,2.4,18.4,0,100,28,6.2
QUEENS PREPARATORY ACADEMY                      ,1099,153.45,25.65333333,441,4.5,5.2,84.4,0.9,8.2,56,44,29,6.1
PATHWAYS COLLEGE PREPARATORY SCHOOL: A COLLEGE B,1173,153.45,25.775,555,2.3,2.2,94.2,0.7,2.9,53.3,46.7,29,5.3
EXCELSIOR PREPARATORY HIGH SCHOOL               ,1202,153.45,25.27777778,443,2.3,4.3,82.8,0.5,9.7,56.9,43.1,29,5.7
GEORGE WASHINGTON CARVER HIGH SCHOOL FOR THE SCI,1287,153.45,28.26875,474,1.7,9.3,73.8,1.3,14.1,47.3,52.7,29,5.9
PREPARATORY ACADEMY FOR WRITERS: A COLLEGE BOARD,1100,153.45,23.8375,473,1.9,3.4,84.1,0.8,10.4,43.1,56.9,29,7
CAMBRIA HEIGHTS ACADEMY                         ,1223.438806,153.45,22.3,147,2,3.4,87.1,2,7.5,55.1,44.9,29,7.1
MATH SCIENCE RESEARCH AND TECHNOLOGY MAGNE      ,1220,8,23.525,412,5.1,6.8,79.6,0.7,11.9,60.4,39.6,29,6
HUMANITIES & ARTS MAGNET HIGH SCHOOL            ,1151,153.45,28.20769231,481,3.5,4,85.9,1.5,8.5,42.8,57.2,29,5.5
YOUNG WOMEN'S LEADERSHIP SCHOOL ASTORIA         ,1223.438806,153.45,21.57142857,495,5.5,39.2,4.2,16.2,40.4,0,100,30,8.1
ACADEMY FOR CAREERS IN TELEVISION AND FILM      ,1255,153.45,22.36363636,419,2.9,6,20.5,18.9,53.5,53.2,46.8,30,7.3
WILLIAM CULLEN BRYANT HIGH SCHOOL               ,1275,97,29.25,2945,17.9,28.9,7.3,14.5,48.8,53.7,46.3,30,6.6
LONG ISLAND CITY HIGH SCHOOL                    ,1218,169,25,3386,13.2,13.2,11.4,12.5,62.7,51.3,48.7,30,5.6
FRANK SINATRA SCHOOL OF THE ARTS HIGH SCHOOL    ,1494,38,27.88,756,0.1,8.7,16.9,46.3,27.2,30,70,30,7
INFORMATION TECHNOLOGY HIGH SCHOOL              ,1239,13,26.83529412,917,9.6,15.6,18.1,9.4,56.6,71.8,28.2,30,6.5
NEWCOMERS HIGH SCHOOL                           ,1127,140,26.97647059,932,90.3,48.3,5.6,2.6,43.5,53.2,46.8,30,7.4
ACADEMY OF AMERICAN STUDIES                     ,1470,119,31.09473684,704,5.7,29.1,6.8,29.4,34.7,45,55,30,6.8
BACCALAUREATE SCHOOL FOR GLOBAL EDUCATION       ,1636,153.45,20.46923077,440,0,34.8,3.2,37.3,24.3,44.8,55.2,30,8
CSI HIGH SCHOOL FOR INTERNATIONAL STUDIES       ,1353,153.45,25.66875,532,0.2,11.5,12,58.5,17.9,41.5,58.5,31,6.9
MCCOWN EXPEDITIONARY LEARNING SCHOOL            ,1195,153.45,24.35,408,1,5.9,15.7,60,17.6,52,48,31,6.4
MICHAEL J. PETRIDES HIGH SCHOOL                 ,1426,66,30.27222222,1308,1.6,8.1,18.8,55.9,16.9,49.2,50.8,31,6.7
NEW DORP HIGH SCHOOL                            ,1277,62,28.2,2658,5.9,7,12.1,53.3,27.3,52.5,47.5,31,6.1
PORT RICHMOND HIGH SCHOOL                       ,1279,76,28.07894737,2151,5.3,6.8,30.9,24.2,37.6,54.8,45.2,31,5.2
CURTIS HIGH SCHOOL                              ,1301,90,27.31176471,2552,6.1,7.3,38.4,21.8,31.9,46.4,53.6,31,6
TOTTENVILLE HIGH SCHOOL                         ,1418,206,30.2,3875,1.4,5.4,2.1,82.1,9.9,49.6,50.4,31,7.1
SUSAN E. WAGNER HIGH SCHOOL                     ,1388,175,29.24736842,3243,3.4,14.6,11.3,49.4,24.1,50.8,49.2,31,6.7
RALPH R. MCKEE CAREER AND TECHNICAL HIGH SCHOOL ,1235,153.45,28.28,675,3.6,4.6,40.3,21.6,33.2,67.1,32.9,31,6
STATEN ISLAND TECHNICAL HIGH SCHOOL             ,1953,809,29.58823529,1104,0.1,31.8,1.1,61.3,5.3,57,43,31,8.2
ACADEMY FOR ENVIRONMENTAL LEADERSHIP            ,1098,153.45,22.40625,362,32.9,0.6,21,0.8,77.1,50,50,32,5.8
EBC HIGH SCHOOL FOR PUBLIC SERVICEBUSHWICK     ,1154,13,22.95882353,606,15.3,1.7,9.2,0.7,88.1,52.1,47.9,32,6.4
BUSHWICK SCHOOL FOR SOCIAL JUSTICE              ,1035,153.45,22.76,434,18.2,0.5,28.3,1.8,68.7,48.4,51.6,32,6.5
ACADEMY OF URBAN PLANNING                       ,1060,10,23.9,398,23.9,1.5,26.4,1,70.4,54.5,45.5,32,6.4
ALL CITY LEADERSHIP SECONDARY SCHOOL            ,1315,153.45,17.79375,263,2.7,5.3,12.9,1.5,79.5,52.1,47.9,32,8.9
BUSHWICK LEADERS HIGH SCHOOL FOR ACADEMIC EXCELL,1055,18,25.06,462,18.2,0.9,21.2,0,77.3,53.2,46.8,32,6.6
